Algoritmo,Iteraciones,Largo del Camino (km),Velocidad Promedio (km/h),Tiempo de Viaje (min),Tiempo Total (s)
dijkstra,277,1.183935,40.0,1.7759025,0.017972707748413086
a_star,86,1.183935,40.0,1.7759025,0.01584649085998535
dijkstra,2389,5.284796,45.283018867924525,7.002354700000001,0.039029836654663086
a_star,907,5.149513999999998,43.63636363636363,7.080581749999999,0.02651810646057129
dijkstra,2903,4.894048000000001,40.0,7.341072000000001,0.04784369468688965
a_star,315,4.894048000000001,40.0,7.341072000000001,0.021018028259277344
dijkstra,4235,11.979781999999995,57.3469387755102,12.534006790035582,0.058734893798828125
a_star,2656,11.979781999999995,57.3469387755102,12.534006790035582,0.04500007629394531
dijkstra,1325,12.689573000000003,53.75,14.16510474418605,0.02836894989013672
a_star,471,12.689573000000003,53.75,14.16510474418605,0.019290447235107422
dijkstra,1082,4.677611000000001,60.270270270270274,4.656635165919283,0.02386617660522461
a_star,541,4.677611000000001,60.270270270270274,4.656635165919283,0.020552635192871094
dijkstra,202,0.8287530000000001,40.0,1.2431295000000002,0.015120506286621094
a_star,37,0.8287530000000001,40.0,1.2431295000000002,0.013425111770629883
dijkstra,3972,5.890449,40.0,8.8356735,0.048331499099731445
a_star,1022,6.074842000000001,40.0,9.112263000000002,0.026750802993774414
dijkstra,2529,7.801138,40.0,11.701706999999999,0.039139509201049805
a_star,663,7.801138,40.0,11.701706999999999,0.02309703826904297
dijkstra,2148,7.9131350000000005,40.0,11.8697025,0.041997671127319336
a_star,247,7.9131350000000005,40.0,11.8697025,0.025004148483276367
dijkstra,3182,4.892537999999998,41.40845070422535,7.089187714285711,0.06184983253479004
a_star,1066,4.892537999999998,41.40845070422535,7.089187714285711,0.03115701675415039
dijkstra,3694,6.823152999999999,41.06382978723404,9.969581067357511,0.05619645118713379
a_star,1612,6.823447999999998,40.43478260869565,10.125116387096773,0.03448653221130371
dijkstra,42,1.4440049999999998,40.0,2.1660074999999996,0.014439582824707031
a_star,4,1.4440049999999998,40.0,2.1660074999999996,0.015425682067871094
dijkstra,1695,3.707629999999999,47.95454545454545,4.638930426540283,0.030783891677856445
a_star,358,3.886167999999999,48.13953488372093,4.8436296811594195,0.019666671752929688
dijkstra,1166,2.730467999999999,40.0,4.095701999999998,0.026800870895385742
a_star,302,2.737461999999999,40.0,4.106192999999998,0.018541336059570312
dijkstra,1318,6.381161,51.16279069767442,7.483361536363636,0.029157638549804688
a_star,387,5.769512999999999,42.857142857142854,8.077318199999999,0.01891636848449707
dijkstra,954,4.002402999999999,46.34146341463415,5.18205862105263,0.029254913330078125
a_star,335,3.4878430000000002,41.111111111111114,5.09036545945946,0.0210421085357666
dijkstra,4381,13.526814,40.0,20.290221,0.06372261047363281
a_star,2479,14.074733999999996,40.0,21.112100999999992,0.04402017593383789
dijkstra,3354,5.393992999999999,40.0,8.0909895,0.05228877067565918
a_star,1346,5.394113999999999,40.0,8.091170999999997,0.03515434265136719
dijkstra,2699,8.759459,41.44329896907217,12.68160482089552,0.04380226135253906
a_star,815,8.548614999999998,40.816326530612244,12.566464049999999,0.025493621826171875
dijkstra,2343,4.039239,40.0,6.0588585,0.04184103012084961
a_star,433,4.039239,40.0,6.0588585,0.020108938217163086
dijkstra,2468,4.605273000000001,45.55555555555556,6.065481512195124,0.04020285606384277
a_star,444,4.541845000000001,42.67857142857143,6.385187949790796,0.02091383934020996
dijkstra,3068,4.680716999999999,42.8125,6.559836963503647,0.049579620361328125
a_star,827,4.579450999999998,40.95238095238095,6.709428209302323,0.02530193328857422
dijkstra,4156,7.879441,42.325581395348834,11.169757021978024,0.058333635330200195
a_star,1557,7.657107999999998,40.91954022988506,11.227557235955054,0.03526043891906738
dijkstra,2610,7.297150000000001,53.970588235294116,8.112362942779294,0.04148125648498535
a_star,925,6.771717000000002,40.285714285714285,10.085535957446812,0.026996374130249023
dijkstra,3186,9.033272,52.54545454545455,10.314808858131489,0.04823160171508789
a_star,1645,9.033272,52.54545454545455,10.314808858131489,0.035661935806274414
dijkstra,3042,4.964084000000001,40.0,7.446126000000001,0.04765510559082031
a_star,1291,4.964205000000001,40.0,7.4463075000000005,0.030497312545776367
dijkstra,392,1.5845700000000003,44.0,2.160777272727273,0.020102262496948242
a_star,89,1.4972800000000002,41.904761904761905,2.1438327272727276,0.01692032814025879
dijkstra,2380,6.3619129999999995,44.54545454545455,8.569107306122449,0.03937244415283203
a_star,430,6.093824000000002,40.0,9.140736000000004,0.021888017654418945
dijkstra,977,2.3362629999999998,40.0,3.5043944999999996,0.025466442108154297
a_star,163,2.3362629999999998,40.0,3.5043944999999996,0.01824212074279785
dijkstra,3359,9.217218999999995,56.883116883116884,9.722272095890405,0.05265188217163086
a_star,2254,9.222119999999997,50.41095890410959,10.976327608695648,0.041864633560180664
dijkstra,4077,18.111640999999995,49.4392523364486,21.980479247637046,0.05611062049865723
a_star,2712,18.017536999999997,48.89908256880734,22.107822135084422,0.048751115798950195
dijkstra,3303,8.733732999999997,43.523809523809526,12.039938271334789,0.0492243766784668
a_star,851,8.418813000000002,40.0,12.628219500000002,0.028019428253173828
dijkstra,1124,2.186064,40.0,3.279096,0.02857494354248047
a_star,200,2.186064,40.0,3.279096,0.01926565170288086
dijkstra,2156,4.364978999999999,51.0,5.135269411764705,0.03929591178894043
a_star,439,3.8293039999999983,42.0,5.470434285714283,0.022295713424682617
dijkstra,3836,6.279679999999999,42.121212121212125,8.945155683453235,0.05825662612915039
a_star,1459,6.0380899999999995,40.289855072463766,8.991975755395684,0.03608059883117676
dijkstra,2623,5.203536000000002,59.1044776119403,5.282377454545458,0.0456082820892334
a_star,240,5.089404000000001,56.71641791044776,5.384053705263159,0.021286964416503906
dijkstra,2964,6.292097,45.55555555555556,8.287152146341464,0.05157756805419922
a_star,1284,6.292097,45.55555555555556,8.287152146341464,0.033983469009399414
dijkstra,1937,4.765254000000001,49.859154929577464,5.734458203389832,0.03699898719787598
a_star,924,4.765254000000001,49.859154929577464,5.734458203389832,0.029407978057861328
dijkstra,3930,6.3792089999999995,42.06896551724138,9.098216114754099,0.05744361877441406
a_star,1043,6.181590000000001,40.666666666666664,9.12037868852459,0.02895832061767578
dijkstra,197,0.6377919999999999,40.0,0.9566879999999999,0.01889944076538086
a_star,23,0.6377919999999999,40.0,0.9566879999999999,0.017015695571899414
dijkstra,1694,5.508897999999999,43.9344262295082,7.5233457761194025,0.03408455848693848
a_star,772,5.201733999999999,42.1875,7.398021688888888,0.02591681480407715
dijkstra,2048,3.404046,40.0,5.106069,0.040136098861694336
a_star,194,3.404046,40.0,5.106069,0.01909184455871582
dijkstra,1617,2.8479159999999992,40.0,4.271873999999999,0.03115391731262207
a_star,470,2.8479159999999992,40.0,4.271873999999999,0.021149158477783203
dijkstra,2129,4.480002000000001,47.142857142857146,5.701820727272728,0.04101920127868652
a_star,455,4.480002000000001,47.142857142857146,5.701820727272728,0.020621299743652344
dijkstra,3366,10.795926000000003,51.09243697478992,12.678110467105267,0.05062079429626465
a_star,1929,10.229496999999999,45.45454545454545,13.502936039999998,0.039165496826171875
dijkstra,749,2.08082,40.0,3.12123,0.02430105209350586
a_star,123,2.08082,40.0,3.12123,0.02113628387451172
dijkstra,2702,8.926565,41.42857142857143,12.928128620689654,0.04902935028076172
a_star,850,8.715721,40.80808080808081,12.814698698019802,0.025813817977905273
dijkstra,1028,2.3747590000000005,40.0,3.5621385000000005,0.026484966278076172
a_star,261,2.3747590000000005,40.0,3.5621385000000005,0.018566131591796875
dijkstra,859,1.9301060000000003,44.76190476190476,2.587163361702128,0.023402690887451172
a_star,205,1.8649809999999998,40.869565217391305,2.7379508297872337,0.018451452255249023
dijkstra,2851,4.999903,40.0,7.4998545,0.04402518272399902
a_star,256,4.999903,40.0,7.4998545,0.019385337829589844
dijkstra,3084,5.5831779999999975,46.08108108108108,7.269592469208209,0.04948019981384277
a_star,738,5.5831779999999975,46.08108108108108,7.269592469208209,0.026000261306762695
dijkstra,108,0.523804,40.0,0.7857060000000001,0.016126155853271484
a_star,18,0.523804,40.0,0.7857060000000001,0.01753973960876465
dijkstra,2788,7.681035999999999,49.375,9.333917164556961,0.04352831840515137
a_star,1185,7.681035999999999,49.375,9.333917164556961,0.029409408569335938
dijkstra,4157,11.514531999999994,51.72043010752688,13.357814669438662,0.05791974067687988
a_star,1239,11.174376,40.0,16.761564000000003,0.03215312957763672
dijkstra,3491,9.225350000000002,49.23076923076923,11.243395312500002,0.05028414726257324
a_star,1106,9.225350000000002,49.23076923076923,11.243395312500002,0.02934885025024414
dijkstra,718,1.7357930000000004,40.0,2.6036895000000007,0.02175760269165039
a_star,108,1.7357930000000004,40.0,2.6036895000000007,0.016526222229003906
dijkstra,110,1.9866579999999998,51.25,2.3258435121951218,0.014836549758911133
a_star,23,1.8148380000000002,40.0,2.7222570000000004,0.016996145248413086
dijkstra,4090,9.201452,43.398058252427184,12.721470550335571,0.05801033973693848
a_star,1541,9.251897999999999,40.0,13.877846999999997,0.03360104560852051
dijkstra,4191,9.636698000000008,40.0,14.455047000000011,0.05833840370178223
a_star,1828,9.636698000000008,40.0,14.455047000000011,0.03713726997375488
dijkstra,3597,9.499336999999992,49.586776859504134,11.494197769999989,0.05179572105407715
a_star,2046,9.49498799999999,49.421487603305785,11.527360013377915,0.04153800010681152
dijkstra,4211,6.940186000000001,40.0,10.410279000000001,0.05709695816040039
a_star,1054,7.685874999999998,40.0,11.528812499999997,0.02703118324279785
dijkstra,1387,2.7572970000000003,40.0,4.1359455,0.029435157775878906
a_star,340,2.7572970000000003,40.0,4.1359455,0.02036285400390625
dijkstra,874,1.781202,40.0,2.671803,0.0246734619140625
a_star,126,1.863648,40.0,2.795472,0.01600027084350586
dijkstra,3233,8.337562999999994,46.846846846846844,10.678494149999993,0.04941296577453613
a_star,1875,8.243459,46.3716814159292,10.666154965648854,0.03695249557495117
dijkstra,874,2.081232,40.0,3.121848,0.023841142654418945
a_star,177,2.081232,40.0,3.121848,0.018122196197509766
dijkstra,3385,9.954657000000003,43.904761904761905,13.603978112798268,0.04917645454406738
a_star,2608,9.741820000000002,40.535714285714285,14.419610220264321,0.04687190055847168
dijkstra,4161,10.425995999999998,51.42857142857143,12.163661999999997,0.05987548828125
a_star,1358,10.431498999999999,51.42857142857143,12.170082166666663,0.03351712226867676
dijkstra,985,2.36331,50.0,2.8359719999999995,0.025102853775024414
a_star,168,2.086156,40.8,3.0678764705882355,0.0176239013671875
dijkstra,16,0.201629,40.0,0.30244350000000003,0.015276670455932617
a_star,3,0.201629,40.0,0.30244350000000003,0.017002105712890625
dijkstra,1840,4.5101700000000005,53.9622641509434,5.014804405594406,0.034786224365234375
a_star,646,3.5611410000000006,38.775510204081634,5.510397126315791,0.021793127059936523
dijkstra,1956,4.976534000000002,41.785714285714285,7.145792410256413,0.03761863708496094
a_star,899,4.9648850000000015,40.75471698113208,7.3094140277777795,0.024836063385009766
dijkstra,2284,6.858302000000001,54.35294117647059,7.570852857142858,0.03786921501159668
a_star,833,6.907624000000002,49.743589743589745,8.331876371134022,0.027901172637939453
dijkstra,3337,8.917158999999995,49.310344827586206,10.850249412587406,0.051486968994140625
a_star,1780,8.823054999999995,48.651685393258425,10.881088614318701,0.038053035736083984
dijkstra,1539,4.4961769999999985,53.333333333333336,5.058199124999998,0.0339968204498291
a_star,371,4.4961769999999985,53.333333333333336,5.058199124999998,0.020953893661499023
dijkstra,1908,4.440816999999998,42.5,6.269388705882351,0.03641343116760254
a_star,824,4.235050000000001,41.09090909090909,6.183922566371683,0.026229143142700195
dijkstra,2240,4.167704000000001,40.0,6.2515560000000026,0.04002261161804199
a_star,480,4.167704000000001,40.0,6.2515560000000026,0.021086931228637695
dijkstra,3587,8.891210000000003,40.33057851239669,13.227496844262301,0.053282737731933594
a_star,2092,9.105906000000001,40.175438596491226,13.599213327510919,0.04329490661621094
dijkstra,3769,8.490012999999998,47.16981132075472,10.799296535999996,0.0582737922668457
a_star,2024,8.464323999999998,46.9811320754717,10.809859566265057,0.04335498809814453
dijkstra,3596,10.127916000000003,51.65217391304348,11.764750909090912,0.05653858184814453
a_star,1720,9.746101000000007,49.747899159663866,11.754588030405413,0.03810238838195801
dijkstra,1205,4.051805000000001,40.0,6.077707500000001,0.027232885360717773
a_star,129,4.051805000000001,40.0,6.077707500000001,0.0156402587890625
dijkstra,320,3.757847000000001,40.0,5.636770500000001,0.020386695861816406
a_star,99,3.757847000000001,40.0,5.636770500000001,0.0169069766998291
dijkstra,2103,3.3569369999999994,40.869565217391305,4.928269212765956,0.03622698783874512
a_star,532,3.331248,40.43478260869565,4.943142193548388,0.02089071273803711
dijkstra,2007,4.847798999999999,40.0,7.271698499999999,0.0356144905090332
a_star,512,4.847798999999999,40.0,7.271698499999999,0.02239370346069336
dijkstra,3869,6.030075000000001,40.0,9.045112500000002,0.05759453773498535
a_star,1091,6.030075000000001,40.0,9.045112500000002,0.02895045280456543
dijkstra,905,4.827965,40.0,7.241947499999999,0.024177074432373047
a_star,221,4.827965,40.0,7.241947499999999,0.01839733123779297
dijkstra,3311,5.327955000000001,40.0,7.991932500000002,0.05070924758911133
a_star,615,5.327955000000001,40.0,7.991932500000002,0.022970199584960938
dijkstra,683,2.200114,40.0,3.300171,0.021546363830566406
a_star,176,2.200114,40.0,3.300171,0.017995595932006836
dijkstra,795,4.0342150000000006,40.0,6.0513225,0.02233147621154785
a_star,210,4.469194,40.0,6.703791,0.018961429595947266
dijkstra,4317,11.971945999999994,50.495049504950494,14.22548877647058,0.05922532081604004
a_star,3399,11.963617000000003,48.0,14.954521250000003,0.05248761177062988
dijkstra,2803,11.582012999999996,41.73076923076923,16.652479520737323,0.04493117332458496
a_star,1670,11.335229999999994,40.76190476190476,16.6850348130841,0.03435993194580078
dijkstra,2051,5.291508000000002,48.641975308641975,6.527088548223353,0.03835868835449219
a_star,817,5.291508000000002,48.641975308641975,6.527088548223353,0.024369239807128906
dijkstra,2481,5.229705000000003,40.98360655737705,7.656288120000005,0.04042363166809082
a_star,627,5.229705000000003,40.98360655737705,7.656288120000005,0.030329227447509766
dijkstra,3473,7.461513000000002,44.21686746987952,10.124886850136242,0.054125070571899414
a_star,1466,7.640051000000002,44.26829268292683,10.355110446280996,0.03265643119812012
dijkstra,2444,4.780410000000001,48.333333333333336,5.9343020689655175,0.039078712463378906
a_star,839,4.780410000000001,48.333333333333336,5.9343020689655175,0.025325298309326172
dijkstra,3631,10.739452999999987,51.857142857142854,12.425813388429738,0.051792144775390625
a_star,2365,10.631138999999992,50.869565217391305,12.539292153846144,0.043325185775756836
dijkstra,722,1.881727,40.0,2.8225905,0.022969484329223633
a_star,161,1.881727,40.0,2.8225905,0.020261287689208984
dijkstra,3596,6.681972999999998,56.470588235294116,7.099596312499998,0.050519704818725586
a_star,405,6.681972999999998,56.470588235294116,7.099596312499998,0.019754886627197266
dijkstra,403,1.2464689999999996,40.0,1.8697034999999995,0.018605709075927734
a_star,97,1.2464689999999996,40.0,1.8697034999999995,0.016717195510864258
dijkstra,3834,5.973364999999998,42.03389830508475,8.526496814516126,0.05355095863342285
a_star,1150,5.775746,40.65573770491803,8.52388320967742,0.02918529510498047
dijkstra,2402,6.0419209999999985,44.794520547945204,8.092848311926604,0.04113292694091797
a_star,1155,6.0419209999999985,44.794520547945204,8.092848311926604,0.028835535049438477
dijkstra,3097,4.686204,40.0,7.029306,0.047636985778808594
a_star,470,4.686204,40.0,7.029306,0.02209949493408203
dijkstra,691,3.1944049999999997,40.714285714285715,4.707544210526315,0.021387577056884766
a_star,129,3.087076,40.0,4.6306140000000005,0.016719818115234375
dijkstra,4397,17.364616000000005,50.89108910891089,20.47267956420234,0.06095170974731445
a_star,3128,17.364616000000005,50.89108910891089,20.47267956420234,0.050657033920288086
dijkstra,1399,2.9640319999999996,40.0,4.446047999999999,0.030999183654785156
a_star,368,2.9699569999999995,40.0,4.4549354999999995,0.0198667049407959
dijkstra,3646,9.200162999999998,46.972477064220186,11.751770707031248,0.051445722579956055
a_star,2825,9.094693999999995,43.490566037735846,12.54712664642082,0.04929184913635254
dijkstra,1802,4.582366,49.21052631578947,5.587055871657754,0.033252716064453125
a_star,1061,4.461328000000001,40.0,6.691992000000002,0.027305126190185547
dijkstra,333,1.081537,40.0,1.6223055,0.017288923263549805
a_star,58,1.081537,40.0,1.6223055,0.015923261642456055
dijkstra,1314,6.949099999999999,46.25,9.015048648648648,0.02759838104248047
a_star,565,6.698654999999999,40.18518518518518,10.001678433179723,0.02261805534362793
dijkstra,3131,4.760346999999999,40.0,7.140520499999999,0.047754526138305664
a_star,827,4.760346999999999,40.0,7.140520499999999,0.024533748626708984
dijkstra,2937,6.598946,47.86516853932584,8.271918225352112,0.045374155044555664
a_star,1137,6.598946,47.86516853932584,8.271918225352112,0.028659343719482422
dijkstra,2116,5.040383,50.294117647058826,6.0130884912280695,0.0375673770904541
a_star,1190,5.045406000000002,50.9375,5.943054920245401,0.02974414825439453
dijkstra,188,1.0989229999999999,40.0,1.6483844999999997,0.016890764236450195
a_star,48,1.269162,40.0,1.9037429999999997,0.016000032424926758
dijkstra,4135,8.600838000000003,42.04081632653061,12.27498238834952,0.059069156646728516
a_star,2149,8.44725,40.851063829787236,12.406898437499999,0.03951311111450195
dijkstra,4096,9.464110999999999,48.23529411764706,11.77243075609756,0.05670452117919922
a_star,2379,9.464110999999999,48.23529411764706,11.77243075609756,0.042060136795043945
dijkstra,1229,5.662383999999999,42.69230769230769,7.95794508108108,0.028198719024658203
a_star,565,5.35522,40.72727272727273,7.889386607142858,0.022780418395996094
dijkstra,1152,3.68152,54.791666666666664,4.031474372623574,0.025691747665405273
a_star,646,3.2676570000000007,40.0,4.901485500000001,0.022721529006958008
dijkstra,2808,5.298125,47.03125,6.7590697674418605,0.044084787368774414
a_star,955,5.298125,47.03125,6.7590697674418605,0.025930166244506836
dijkstra,1468,4.533493,52.72727272727273,5.158802379310345,0.03128933906555176
a_star,560,4.428058000000001,40.0,6.642087000000001,0.022434234619140625
dijkstra,1555,3.6667859999999997,40.0,5.500178999999999,0.03399825096130371
a_star,455,3.6640279999999996,39.34782608695652,5.5871366187845295,0.02315688133239746
dijkstra,4253,11.619161,41.77215189873418,16.689340345454543,0.0626673698425293
a_star,1586,11.540160000000002,40.74074074074074,16.995508363636368,0.03707480430603027
dijkstra,1941,5.830057,42.64150943396226,8.203354539823009,0.03799772262573242
a_star,611,5.522892999999999,40.714285714285715,8.139000210526314,0.0222623348236084
dijkstra,4201,8.168111000000003,40.0,12.252166500000005,0.05681419372558594
a_star,1549,8.168111000000003,40.0,12.252166500000005,0.03417539596557617
dijkstra,231,0.9431289999999999,40.0,1.4146934999999998,0.019245147705078125
a_star,62,0.978966,40.0,1.4684490000000001,0.016153812408447266
dijkstra,437,1.2623670000000002,40.0,1.8935505000000006,0.01863408088684082
a_star,47,1.2623670000000002,40.0,1.8935505000000006,0.016318082809448242
dijkstra,2961,7.334652000000001,53.0,8.30337962264151,0.04661369323730469
a_star,816,7.334652000000001,53.0,8.30337962264151,0.02405571937561035
dijkstra,2860,10.155488,43.06122448979592,14.150300815165878,0.04247426986694336
a_star,769,10.037735000000001,40.0,15.056602500000002,0.026005268096923828
dijkstra,2611,4.890946,41.25,7.114103272727272,0.04223442077636719
a_star,973,4.700203999999999,40.4,6.980500990099009,0.026064634323120117
dijkstra,1182,2.444598,40.0,3.666897,0.027785062789916992
a_star,425,2.4514480000000005,40.0,3.6771720000000006,0.02100539207458496
dijkstra,1622,3.2553979999999987,43.5,4.490204137931032,0.030892133712768555
a_star,273,3.176396999999999,41.42857142857143,4.600299103448274,0.01786041259765625
dijkstra,998,2.0669679999999997,40.0,3.1004519999999993,0.024822235107421875
a_star,250,2.0669679999999997,40.0,3.1004519999999993,0.01785445213317871
dijkstra,1120,2.7514250000000002,52.25806451612903,3.159043518518519,0.027894973754882812
a_star,274,2.75365,50.96774193548387,3.2416386075949366,0.01869344711303711
dijkstra,2225,4.191865000000001,41.2,6.104657766990292,0.03716158866882324
a_star,369,4.191865000000001,41.2,6.104657766990292,0.020191192626953125
dijkstra,4171,7.898766000000003,40.0,11.848149000000005,0.05670666694641113
a_star,1391,7.898766000000003,40.0,11.848149000000005,0.03183102607727051
dijkstra,2054,3.8005299999999993,40.0,5.7007949999999985,0.035843610763549805
a_star,563,3.8005299999999993,40.0,5.7007949999999985,0.02085423469543457
dijkstra,1338,3.3337209999999993,40.0,5.000581499999999,0.02852916717529297
a_star,65,3.347875,40.0,5.0218125,0.017267704010009766
dijkstra,335,9.263782000000003,65.0,8.551183384615387,0.018100738525390625
a_star,74,9.263782000000003,65.0,8.551183384615387,0.016466856002807617
dijkstra,1981,4.143770999999999,40.0,6.215656499999999,0.034394264221191406
a_star,730,4.351573999999999,40.0,6.527360999999999,0.02372121810913086
dijkstra,685,1.3685169999999998,40.0,2.0527754999999996,0.022167682647705078
a_star,93,1.3685169999999998,40.0,2.0527754999999996,0.018008947372436523
dijkstra,1805,6.368474,43.793103448275865,8.725310834645668,0.0329287052154541
a_star,950,6.162936999999998,42.758620689655174,8.647992241935482,0.02596879005432129
dijkstra,1542,3.7083870000000005,41.702127659574465,5.335536397959185,0.030505895614624023
a_star,606,3.542867000000001,40.74074074074074,5.217676854545457,0.022441387176513672
dijkstra,383,1.8800070000000002,43.0,2.623265581395349,0.019370555877685547
a_star,89,1.783687,40.90909090909091,2.6160742666666668,0.01605391502380371
dijkstra,2592,4.942613000000001,46.15384615384615,6.425396900000001,0.04064202308654785
a_star,322,5.818128,40.0,8.727192,0.0199735164642334
dijkstra,1146,3.2248560000000004,58.125,3.328883612903226,0.024998188018798828
a_star,452,3.0347959999999996,41.46341463414634,4.391528329411764,0.020214080810546875
dijkstra,798,5.051821,46.0,6.589331739130436,0.02453446388244629
a_star,308,5.115666000000001,40.0,7.673499000000001,0.018654346466064453
dijkstra,2098,3.8371840000000015,40.0,5.755776000000002,0.0361175537109375
a_star,448,3.8371840000000015,40.0,5.755776000000002,0.019919633865356445
dijkstra,1518,5.9129059999999996,40.0,8.869359,0.029287099838256836
a_star,490,6.05228,40.0,9.07842,0.022312641143798828
dijkstra,2415,6.366359,47.605633802816904,8.023872585798816,0.04039883613586426
a_star,774,5.6739880000000005,40.51948051948052,8.401866846153847,0.024829864501953125
dijkstra,2519,3.7641170000000015,40.75471698113208,5.541616694444446,0.03998255729675293
a_star,637,3.738428000000001,40.37735849056604,5.555234130841123,0.022696256637573242
dijkstra,1273,3.156089,58.23529411764706,3.251728060606061,0.027632951736450195
a_star,183,3.156089,58.23529411764706,3.251728060606061,0.018419742584228516
dijkstra,3821,8.543174,47.55813953488372,10.778185290953546,0.055910587310791016
a_star,2107,8.543174,47.55813953488372,10.778185290953546,0.038488149642944336
dijkstra,2042,4.530996999999999,41.132075471698116,6.609435990825687,0.034934043884277344
a_star,627,4.434677,40.36363636363637,6.5920874324324314,0.02399754524230957
dijkstra,3738,8.101757999999998,41.607142857142854,11.68322183690987,0.05335664749145508
a_star,1679,8.000491999999998,40.54054054054054,11.840728159999996,0.03455352783203125
dijkstra,2676,4.924672,47.377049180327866,6.23678184083045,0.0447239875793457
a_star,834,4.924672,47.377049180327866,6.23678184083045,0.026017427444458008
dijkstra,2247,3.8594760000000004,40.0,5.789214000000001,0.03724336624145508
a_star,296,3.8594760000000004,40.0,5.789214000000001,0.020999670028686523
dijkstra,2351,4.779456999999999,44.54545454545455,6.437635959183671,0.03907465934753418
a_star,428,4.730058999999999,42.63157894736842,6.657120074074073,0.019782304763793945
dijkstra,3792,7.709918000000002,49.75903614457831,9.296704997578695,0.05412101745605469
a_star,1606,7.709918000000002,49.75903614457831,9.296704997578695,0.03408408164978027
dijkstra,2850,6.324568,40.0,9.486852,0.04471278190612793
a_star,1234,6.324568,40.0,9.486852,0.03012228012084961
dijkstra,3010,7.342785000000005,44.666666666666664,9.86344253731344,0.04792594909667969
a_star,997,7.255570000000005,41.875,10.396040597014933,0.02677154541015625
dijkstra,342,0.995763,40.0,1.4936444999999998,0.01730632781982422
a_star,107,0.995763,40.0,1.4936444999999998,0.017710447311401367
dijkstra,1790,3.400948,47.69230769230769,4.278612,0.034000396728515625
a_star,264,3.33752,43.65853658536585,4.586759329608939,0.018189191818237305
dijkstra,1244,3.7526309999999996,42.97872340425532,5.238821495049504,0.029062271118164062
a_star,695,3.7526309999999996,42.97872340425532,5.238821495049504,0.024480104446411133
dijkstra,4382,16.174998999999993,47.7037037037037,20.344331040372662,0.06213259696960449
a_star,3012,16.584868999999998,46.55172413793103,21.376053377777776,0.050887346267700195
dijkstra,2787,6.433554,48.75,7.918220307692308,0.0444035530090332
a_star,1145,6.433554,48.75,7.918220307692308,0.02853870391845703
dijkstra,2963,7.377406999999997,44.9,9.85845033407572,0.04541277885437012
a_star,1554,7.157514999999999,41.05263157894737,10.46098346153846,0.03478121757507324
dijkstra,920,4.642326000000002,62.03389830508475,4.490118590163936,0.02505183219909668
a_star,248,4.579206000000002,60.333333333333336,4.553906519337018,0.020436525344848633
dijkstra,2346,4.676116000000001,45.76923076923077,6.130034420168069,0.03945779800415039
a_star,371,4.612688000000001,42.77777777777778,6.46974420779221,0.0199582576751709
dijkstra,3257,8.200517000000001,49.111111111111114,10.018731176470588,0.048517704010009766
a_star,1367,8.185809,48.372093023255815,10.153551548076925,0.03103923797607422
dijkstra,2438,5.491581,50.44776119402985,6.53140698816568,0.03958559036254883
a_star,1024,5.491581,50.44776119402985,6.53140698816568,0.026531219482421875
dijkstra,4367,14.466811000000005,42.15384615384615,20.59144631386862,0.05931568145751953
a_star,2141,14.006963,40.0,21.010444500000002,0.03982377052307129
dijkstra,2861,4.704899999999999,40.0,7.05735,0.044411420822143555
a_star,268,4.704899999999999,40.0,7.05735,0.02010035514831543
dijkstra,668,2.588679,50.666666666666664,3.065540921052632,0.020520448684692383
a_star,203,2.588679,50.666666666666664,3.065540921052632,0.016489744186401367
dijkstra,3298,12.187097000000001,43.829787234042556,16.683307543689324,0.048491477966308594
a_star,1332,12.145415000000003,41.584158415841586,17.52409878571429,0.03089165687561035
dijkstra,1909,3.2235610000000006,40.0,4.8353415,0.03499937057495117
a_star,373,3.2426929999999996,40.0,4.8640395,0.019539356231689453
dijkstra,3227,7.352159999999997,49.1566265060241,8.973959999999996,0.04851722717285156
a_star,2065,7.258055999999998,48.470588235294116,8.984486796116503,0.03641629219055176
dijkstra,1562,3.8869080000000005,54.8936170212766,4.248480837209303,0.031000375747680664
a_star,694,3.2371589999999997,40.0,4.855738499999999,0.022273540496826172
dijkstra,3288,5.452736000000001,40.0,8.179104,0.04917097091674805
a_star,1003,5.452736000000001,40.0,8.179104,0.025333166122436523
dijkstra,70,0.412028,40.0,0.618042,0.01609969139099121
a_star,14,0.412028,40.0,0.618042,0.015010356903076172
dijkstra,2124,3.503927,40.0,5.2558905,0.03493475914001465
a_star,314,3.503927,40.0,5.2558905,0.018281221389770508
dijkstra,1110,4.599011000000001,45.4054054054054,6.077264535714288,0.027056217193603516
a_star,349,3.9958530000000003,40.48780487804878,5.921565289156628,0.018184661865234375
dijkstra,3207,7.125830000000003,44.94505494505494,9.512721711491448,0.04830217361450195
a_star,1365,7.125830000000003,44.94505494505494,9.512721711491448,0.032114505767822266
dijkstra,3502,6.784607000000001,52.4390243902439,7.762852660465118,0.05077815055847168
a_star,794,6.782334000000001,48.57142857142857,8.378177294117648,0.024901866912841797
dijkstra,2757,7.584921999999999,40.0,11.377382999999998,0.03994560241699219
a_star,609,7.584921999999999,40.0,11.377382999999998,0.023288249969482422
dijkstra,4373,12.128225999999998,40.0,18.192338999999997,0.059162139892578125
a_star,2616,12.986762999999993,40.0,19.480144499999987,0.04534649848937988
dijkstra,285,0.855494,40.0,1.2832409999999999,0.01800251007080078
a_star,22,0.855494,40.0,1.2832409999999999,0.0160977840423584
dijkstra,2409,4.542484,46.92307692307692,5.808422163934427,0.036585330963134766
a_star,870,4.542484,46.92307692307692,5.808422163934427,0.02597832679748535
dijkstra,2829,5.91753,40.0,8.876294999999999,0.0435948371887207
a_star,1039,5.91753,40.0,8.876294999999999,0.026382923126220703
dijkstra,1406,6.460436000000001,60.26315789473684,6.43222448908297,0.029323816299438477
a_star,1264,6.391126000000006,40.0,9.586689000000009,0.02994823455810547
dijkstra,1207,2.185151,40.0,3.2777265,0.02634429931640625
a_star,185,2.185151,40.0,3.2777265,0.016998291015625
dijkstra,2359,7.972213,41.72839506172839,11.463004491124261,0.036582231521606445
a_star,1215,7.665048999999999,40.476190476190474,11.362307929411763,0.027998924255371094
dijkstra,1420,4.8900749999999995,53.46938775510204,5.487336068702289,0.028547048568725586
a_star,878,4.798889999999998,43.63636363636363,6.598473749999998,0.023760557174682617
dijkstra,768,1.5851239999999995,40.0,2.3776859999999993,0.021054983139038086
a_star,156,1.5851239999999995,40.0,2.3776859999999993,0.01711273193359375
dijkstra,2265,4.051302,40.0,6.076953,0.036226511001586914
a_star,440,4.0662389999999995,40.0,6.099358499999999,0.020105838775634766
dijkstra,3156,4.373740999999999,40.0,6.5606114999999985,0.044928789138793945
a_star,1060,4.373740999999999,40.0,6.5606114999999985,0.027671098709106445
dijkstra,1482,2.968782,40.0,4.453173,0.027525663375854492
a_star,195,3.153175,40.0,4.7297625000000005,0.01746082305908203
dijkstra,1415,14.039255,56.666666666666664,14.865093529411766,0.027097702026367188
a_star,628,14.099635000000003,52.765957446808514,16.032649475806455,0.023596763610839844
dijkstra,2885,4.665047999999999,41.63934426229508,6.722077039370077,0.04199957847595215
a_star,731,4.665047999999999,41.63934426229508,6.722077039370077,0.02199840545654297
dijkstra,799,2.6570339999999986,40.0,3.985550999999998,0.02140641212463379
a_star,320,2.6570339999999986,40.0,3.985550999999998,0.019138574600219727
dijkstra,1105,3.4257160000000004,50.0,4.1108592,0.025326967239379883
a_star,284,3.4257160000000004,50.0,4.1108592,0.018000125885009766
dijkstra,1648,3.000636,40.0,4.500954,0.029416799545288086
a_star,346,3.069381,40.0,4.6040715,0.01826000213623047
dijkstra,570,2.1971089999999998,56.666666666666664,2.3263507058823527,0.020728111267089844
a_star,232,2.0833649999999992,41.724137931034484,2.995913305785123,0.016607284545898438
dijkstra,1643,3.9121939999999995,40.0,5.868290999999999,0.029056787490844727
a_star,612,3.9121939999999995,40.0,5.868290999999999,0.021098852157592773
dijkstra,403,1.3696260000000002,40.0,2.0544390000000003,0.01819586753845215
a_star,64,1.3696260000000002,40.0,2.0544390000000003,0.015142440795898438
dijkstra,2821,5.692524999999999,46.3013698630137,7.376703994082839,0.04131197929382324
a_star,1068,5.661705999999998,45.833333333333336,7.411687854545452,0.02669525146484375
dijkstra,4209,9.188407000000003,41.98019801980198,13.132487363207552,0.05574202537536621
a_star,2507,8.861096000000003,40.41237113402062,13.156014979591841,0.04172205924987793
dijkstra,1452,5.8579930000000004,42.745098039215684,8.22268742201835,0.027469396591186523
a_star,664,5.7250950000000005,40.4,8.502616336633665,0.022264957427978516
dijkstra,3611,8.397675999999999,42.04081632653061,11.985032737864078,0.050066471099853516
a_star,2231,8.015861000000001,40.19607843137255,11.965138858536587,0.03931403160095215
dijkstra,1944,3.135746,45.12820512820513,4.169116840909091,0.03441190719604492
a_star,174,3.135746,45.12820512820513,4.169116840909091,0.01598358154296875
dijkstra,4186,13.077905999999988,50.34965034965035,15.584504649999987,0.05507493019104004
a_star,3617,12.887521999999999,45.034013605442176,17.170384296072505,0.0559237003326416
dijkstra,745,1.6432849999999999,40.0,2.4649275,0.021897077560424805
a_star,159,1.6432849999999999,40.0,2.4649275,0.016469478607177734
dijkstra,2485,9.170823000000002,43.48837209302326,12.652793229946527,0.0395808219909668
a_star,542,8.855133,40.0,13.282699500000001,0.022368431091308594
dijkstra,391,1.077061,40.0,1.6155915,0.019002199172973633
a_star,77,1.077061,40.0,1.6155915,0.015418529510498047
dijkstra,897,4.021571,59.81481481481482,4.034021684210526,0.022182941436767578
a_star,619,3.463911999999999,48.490566037735846,4.286085665369649,0.023098468780517578
dijkstra,350,0.9828760000000001,40.0,1.4743140000000001,0.017900943756103516
a_star,39,0.9828760000000001,40.0,1.4743140000000001,0.014574766159057617
dijkstra,4172,7.509949999999999,40.0,11.264924999999998,0.05552220344543457
a_star,931,7.509949999999999,40.0,11.264924999999998,0.026000022888183594
dijkstra,2634,7.313096,53.05263157894737,8.270763333333333,0.04549455642700195
a_star,1037,7.313096,53.05263157894737,8.270763333333333,0.03099226951599121
dijkstra,2621,5.762753000000001,48.97435897435897,7.060126712041887,0.04532051086425781
a_star,1318,5.762753000000001,48.97435897435897,7.060126712041887,0.033204078674316406
dijkstra,945,1.9565390000000003,40.0,2.9348085000000004,0.025990724563598633
a_star,246,1.9674060000000004,40.0,2.9511090000000006,0.019998788833618164
dijkstra,686,1.587001,40.0,2.3805015000000003,0.02098226547241211
a_star,237,1.587001,40.0,2.3805015000000003,0.017287015914916992
dijkstra,2338,6.737182999999999,46.23376623376623,8.743198162921347,0.03548407554626465
a_star,870,6.186284999999999,40.470588235294116,9.171527180232557,0.025365114212036133
dijkstra,1218,2.253478,40.0,3.380217,0.026642560958862305
a_star,59,2.253478,40.0,3.380217,0.01418924331665039
dijkstra,3215,6.204136999999998,40.0,9.306205499999995,0.047315120697021484
a_star,1600,6.250131,40.0,9.3751965,0.0334014892578125
dijkstra,1010,4.33298,47.17948717948718,5.510420217391304,0.02611088752746582
a_star,574,4.173591999999999,41.46341463414634,6.039433129411764,0.023360729217529297
dijkstra,3977,11.067236999999995,47.94117647058823,13.851020539877295,0.05472254753112793
a_star,2789,10.973132999999995,47.40384615384615,13.888914791075045,0.05327248573303223
dijkstra,1132,4.330012,52.0,4.996167692307693,0.040285587310791016
a_star,584,4.128875000000001,44.44444444444444,5.573981250000001,0.02601456642150879
dijkstra,4092,7.809098000000002,40.0,11.713647000000003,0.062020301818847656
a_star,1671,7.9934910000000015,40.0,11.990236500000002,0.037000179290771484
dijkstra,986,2.157976,40.0,3.236964,0.026000022888183594
a_star,190,2.157976,40.0,3.236964,0.017984390258789062
dijkstra,4246,11.503482000000007,44.15094339622642,15.632937076923085,0.060099124908447266
a_star,2715,10.919425000000006,40.87719298245614,16.027653862660955,0.047899484634399414
dijkstra,4135,8.243205000000001,40.0,12.364807500000001,0.060691118240356445
a_star,1385,8.243205000000001,40.0,12.364807500000001,0.030445575714111328
dijkstra,939,3.2119110000000006,66.06060606060606,2.9172402660550465,0.024556875228881836
a_star,73,3.19475,66.20689655172414,2.8952421874999996,0.016104936599731445
dijkstra,2558,8.005276000000002,41.627906976744185,11.538330770949724,0.04100370407104492
a_star,713,7.7273109999999985,40.68181818181818,11.39670449162011,0.022316455841064453
dijkstra,3361,9.380441000000001,46.38095238095238,12.134862073921974,0.04977250099182129
a_star,2184,8.998626000000002,44.4954128440367,12.134229698969072,0.039568424224853516
dijkstra,2828,4.964874999999999,40.0,7.447312499999999,0.04389834403991699
a_star,221,4.964874999999999,40.0,7.447312499999999,0.01642441749572754
dijkstra,3605,10.035640999999996,50.15625,12.005252785046725,0.05093121528625488
a_star,2555,10.030542999999993,50.0,12.036651599999992,0.04500174522399902
dijkstra,1071,2.3074390000000005,40.0,3.4611585000000007,0.025165319442749023
a_star,132,2.3074390000000005,40.0,3.4611585000000007,0.017180919647216797
dijkstra,4398,16.668689000000004,40.0,25.003033500000004,0.060243844985961914
a_star,2195,17.369008000000004,40.0,26.053512000000005,0.042224884033203125
dijkstra,2950,7.713789000000003,48.46153846153846,9.550405428571432,0.0432894229888916
a_star,628,7.713789000000003,48.46153846153846,9.550405428571432,0.020968914031982422
dijkstra,1966,4.748927000000003,50.294117647058826,5.665386596491231,0.036101579666137695
a_star,790,4.748927000000003,50.294117647058826,5.665386596491231,0.024583816528320312
dijkstra,2501,4.4409800000000015,41.851851851851855,6.366714690265488,0.03876519203186035
a_star,580,4.201951,40.0,6.302926500000001,0.023886442184448242
dijkstra,2052,6.864225999999999,40.0,10.296338999999998,0.034101247787475586
a_star,247,6.864225999999999,40.0,10.296338999999998,0.01900458335876465
dijkstra,3160,4.277312,40.0,6.415968,0.047241926193237305
a_star,548,4.277312,40.0,6.415968,0.021326780319213867
dijkstra,3707,7.142247999999998,44.205607476635514,9.694129420718813,0.05343270301818848
a_star,1157,7.142247999999998,44.205607476635514,9.694129420718813,0.027394533157348633
dijkstra,1618,2.6877869999999997,40.0,4.031680499999999,0.031999826431274414
a_star,346,2.6877869999999997,40.0,4.031680499999999,0.0189511775970459
dijkstra,3791,9.213068999999992,47.450980392156865,11.649583115702468,0.05253863334655762
a_star,2537,9.11896499999999,46.92307692307692,11.660315901639333,0.04479074478149414
dijkstra,3759,17.05592399999999,48.8235294117647,20.9602921445783,0.05353593826293945
a_star,1761,17.05592399999999,48.8235294117647,20.9602921445783,0.03636598587036133
dijkstra,3625,6.968736999999998,40.0,10.453105499999998,0.05153393745422363
a_star,182,7.134842,40.0,10.702263,0.018108367919921875
dijkstra,3,0.073242,40.0,0.109863,0.014415264129638672
a_star,1,0.073242,40.0,0.109863,0.01400446891784668
dijkstra,1502,6.181304,41.785714285714285,8.875718564102565,0.029201507568359375
a_star,253,6.181304,41.785714285714285,8.875718564102565,0.02400040626525879
dijkstra,3136,8.343842999999998,47.30769230769231,10.582435024390241,0.049573421478271484
a_star,1331,8.326681999999996,46.6,10.72104978540772,0.029333829879760742
dijkstra,3364,7.3949609999999995,44.81481481481482,9.900691586776858,0.05101442337036133
a_star,1900,6.938582000000004,40.0,10.407873000000006,0.034180641174316406
dijkstra,1003,2.893411000000001,54.0,3.2149011111111117,0.025946617126464844
a_star,263,2.618605,40.0,3.9279075,0.020009994506835938
dijkstra,53,0.39353899999999997,40.0,0.5903084999999999,0.015192985534667969
a_star,8,0.39353899999999997,40.0,0.5903084999999999,0.014512777328491211
dijkstra,3246,10.511241,44.608695652173914,14.13792649122807,0.04659605026245117
a_star,2014,10.403912,44.39655172413793,14.06043252815534,0.03675365447998047
dijkstra,352,1.120801,44.0,1.528365,0.01737809181213379
a_star,36,1.095112,42.666666666666664,1.5400012500000002,0.015156269073486328
dijkstra,3396,5.2324779999999995,41.142857142857146,7.630697083333332,0.04990887641906738
a_star,1005,5.222701999999999,40.857142857142854,7.669702237762237,0.026541948318481445
dijkstra,3995,7.9084020000000015,42.325581395348834,11.210811626373628,0.057198286056518555
a_star,2052,7.606025000000002,40.48192771084337,11.273215625000002,0.039408206939697266
dijkstra,1834,3.832252,54.0,4.258057777777778,0.03249001502990723
a_star,697,3.6334700000000013,40.0,5.450205000000002,0.025894641876220703
dijkstra,436,1.1291540000000002,40.0,1.6937310000000003,0.01900196075439453
a_star,128,1.1291540000000002,40.0,1.6937310000000003,0.01610851287841797
dijkstra,1618,3.0954360000000003,48.8235294117647,3.804029783132531,0.03028726577758789
a_star,304,3.0954360000000003,48.8235294117647,3.804029783132531,0.018169879913330078
dijkstra,24,0.33177100000000004,40.0,0.4976565,0.01399993896484375
a_star,4,0.33177100000000004,40.0,0.4976565,0.01816248893737793
dijkstra,2448,5.993206000000002,40.0,8.989809000000003,0.03854513168334961
a_star,1055,6.177599000000001,40.0,9.266398500000001,0.028337478637695312
dijkstra,2991,4.812566,41.42857142857143,6.969923172413793,0.0447542667388916
a_star,911,4.718462,40.45454545454545,6.998168359550562,0.023923397064208984
dijkstra,702,1.7440309999999999,40.0,2.6160464999999995,0.019713163375854492
a_star,215,1.7440309999999999,40.0,2.6160464999999995,0.017441272735595703
dijkstra,4128,7.141112,40.303030303030305,10.63112914285714,0.05724692344665527
a_star,822,7.141112,40.303030303030305,10.63112914285714,0.022893905639648438
dijkstra,4326,10.224914,43.24324324324324,14.187068175,0.05577230453491211
a_star,1552,9.574274,40.0,14.361411,0.032938241958618164
dijkstra,3448,7.183757000000001,51.73913043478261,8.330743411764706,0.04729962348937988
a_star,1415,7.183757000000001,51.73913043478261,8.330743411764706,0.029306411743164062
dijkstra,2657,12.088564000000002,50.204081632653065,14.447308195121952,0.04025530815124512
a_star,1462,12.088564000000002,50.204081632653065,14.447308195121952,0.02952861785888672
dijkstra,3530,9.770214999999991,50.427350427350426,11.624899881355923,0.05073952674865723
a_star,2571,9.624469999999997,46.05042016806723,12.539911642335763,0.04330301284790039
dijkstra,2233,3.591913,40.0,5.3878695,0.035208702087402344
a_star,629,3.591913,40.0,5.3878695,0.024419784545898438
dijkstra,3166,9.473211000000001,48.98148148148148,11.604235780718337,0.04445624351501465
a_star,1933,8.787888000000002,44.43478260869565,11.866228414872802,0.03770589828491211
dijkstra,3623,9.136205,48.57142857142857,11.285900294117647,0.05189251899719238
a_star,2380,8.707457999999995,46.42857142857143,11.252714953846148,0.041516780853271484
dijkstra,3092,6.705961,44.26829268292683,9.089071107438018,0.046524763107299805
a_star,1374,6.618746,41.724137931034484,9.51786614876033,0.03199958801269531
dijkstra,3117,8.246890999999998,49.81481481481482,9.933058304832711,0.04499959945678711
a_star,1713,8.115244999999996,46.60377358490566,10.44796724696356,0.03453683853149414
dijkstra,2554,11.482402000000002,40.0,17.223603000000004,0.04258370399475098
a_star,783,12.182418000000004,40.0,18.273627000000005,0.024562358856201172
dijkstra,3969,9.441355999999999,40.0,14.162033999999998,0.05740046501159668
a_star,1142,9.625748999999999,40.0,14.438623499999999,0.026993751525878906
dijkstra,1411,3.5185530000000003,60.60606060606061,3.48336747,0.02900409698486328
a_star,171,3.5185530000000003,60.60606060606061,3.48336747,0.017385005950927734
dijkstra,1055,1.9769469999999998,40.0,2.9654204999999996,0.02518153190612793
a_star,264,1.9769469999999998,40.0,2.9654204999999996,0.018111228942871094
dijkstra,1820,7.376404999999999,42.08955223880597,10.51530074468085,0.031459808349609375
a_star,702,7.103234999999999,40.57971014492754,10.502640321428569,0.022990942001342773
dijkstra,2922,6.775603,43.44827586206897,9.356785095238095,0.04546403884887695
a_star,1061,6.730712000000002,41.829268292682926,9.654548991253648,0.03042316436767578
dijkstra,1975,3.768264,41.36363636363637,5.466053274725274,0.03908228874206543
a_star,589,3.674159999999999,40.43478260869565,5.451979354838708,0.02500128746032715
dijkstra,1559,2.791482999999999,40.0,4.187224499999998,0.03299903869628906
a_star,339,2.791482999999999,40.0,4.187224499999998,0.019504308700561523
dijkstra,226,1.068979,40.0,1.6034685,0.018105506896972656
a_star,56,1.247517,40.0,1.8712754999999999,0.016878843307495117
dijkstra,1705,3.044723,41.714285714285715,4.379396095890411,0.03278398513793945
a_star,442,2.7839199999999997,40.54054054054054,4.1202016,0.019895315170288086
dijkstra,4404,20.528225000000013,40.0,30.79233750000002,0.05939054489135742
a_star,3697,20.528225000000013,40.0,30.79233750000002,0.05801057815551758
dijkstra,2068,8.177594000000001,40.0,12.266391000000002,0.03411221504211426
a_star,508,8.177594000000001,40.0,12.266391000000002,0.01990056037902832
dijkstra,3254,7.37579,47.95454545454545,9.228476587677726,0.04726052284240723
a_star,1444,7.37579,47.95454545454545,9.228476587677726,0.032999515533447266
dijkstra,4306,10.18658,43.39622641509434,14.08405408695652,0.05697035789489746
a_star,1610,9.419644000000002,40.0,14.129466000000003,0.033113956451416016
dijkstra,1749,4.878713999999999,51.53846153846154,5.679696895522386,0.030985116958618164
a_star,673,4.2057920000000015,41.42857142857143,6.09114703448276,0.023740291595458984
dijkstra,1136,3.0401489999999995,40.0,4.560223499999999,0.030696392059326172
a_star,154,3.0543030000000004,40.0,4.5814545,0.02053236961364746
dijkstra,2910,6.057346,40.0,9.086019,0.047963857650756836
a_star,923,6.057346,40.0,9.086019,0.029296398162841797
dijkstra,750,1.6726979999999994,40.0,2.509046999999999,0.025998830795288086
a_star,263,1.6726979999999994,40.0,2.509046999999999,0.01996779441833496
dijkstra,2753,5.4672969999999985,48.333333333333336,6.786989379310342,0.048525094985961914
a_star,888,5.4672969999999985,48.333333333333336,6.786989379310342,0.02789139747619629
dijkstra,1007,3.649001,42.77777777777778,5.118079324675325,0.02699899673461914
a_star,383,3.4046030000000007,40.57142857142857,5.034976267605636,0.018810033798217773
dijkstra,2833,5.705172999999998,44.76190476190476,7.647359553191487,0.04329252243041992
a_star,935,5.6417449999999985,42.30769230769231,8.00102018181818,0.027049541473388672
dijkstra,3912,9.869761999999996,45.97014925373134,12.881962090909086,0.05524086952209473
a_star,2369,9.869761999999996,45.97014925373134,12.881962090909086,0.0420684814453125
dijkstra,2417,7.421748000000001,41.8421052631579,10.642506566037737,0.041100263595581055
a_star,628,7.143782999999997,40.76923076923077,10.513491962264148,0.02328181266784668
dijkstra,3767,8.508694000000004,40.0,12.763041000000005,0.0561525821685791
a_star,1004,8.522848000000003,40.0,12.784272000000005,0.0260009765625
dijkstra,3708,8.204959999999998,43.271028037383175,11.377071965442763,0.051969289779663086
a_star,1756,8.204959999999998,43.271028037383175,11.377071965442763,0.03700590133666992
dijkstra,1294,2.7071260000000006,40.0,4.060689000000001,0.025394201278686523
a_star,231,2.7071260000000006,40.0,4.060689000000001,0.01910853385925293
dijkstra,3375,9.987234999999995,51.603053435114504,11.612376789940823,0.04898977279663086
a_star,2067,9.995588999999994,51.36363636363637,11.67626325663716,0.039472103118896484
dijkstra,2242,7.121646000000001,55.45454545454545,7.705387475409837,0.03830981254577637
a_star,1112,7.118703,54.48275862068966,7.839584316455695,0.029210567474365234
dijkstra,2043,3.921978,40.0,5.882967000000001,0.03498363494873047
a_star,813,3.921978,40.0,5.882967000000001,0.02499842643737793
dijkstra,3018,4.4360800000000005,40.0,6.654120000000001,0.04286456108093262
a_star,291,4.4360800000000005,40.0,6.654120000000001,0.018444299697875977
dijkstra,3384,5.752796999999999,42.90909090909091,8.044165296610169,0.05088400840759277
a_star,972,5.5551780000000015,41.40350877192982,8.050300322033902,0.02492046356201172
dijkstra,2552,7.993938000000003,40.963855421686745,11.708768011764711,0.04057955741882324
a_star,819,7.8866090000000035,40.714285714285715,11.622371157894742,0.02509593963623047
dijkstra,381,1.137885,40.0,1.7068275,0.019425392150878906
a_star,75,1.137885,40.0,1.7068275,0.015887737274169922
dijkstra,2026,12.325326,56.964285714285715,12.982161554858935,0.035233259201049805
a_star,246,12.325326,56.964285714285715,12.982161554858935,0.018004894256591797
dijkstra,1277,6.616765999999999,50.204081632653065,7.907842292682926,0.027195215225219727
a_star,84,5.803259,40.0,8.7048885,0.0149993896484375
dijkstra,3518,7.828454999999998,43.94736842105263,10.687950538922154,0.05189990997314453
a_star,1483,7.828454999999998,43.94736842105263,10.687950538922154,0.03156280517578125
dijkstra,3816,6.848321999999998,40.0,10.272482999999998,0.05463695526123047
a_star,399,6.956757999999997,40.0,10.435136999999996,0.02101731300354004
dijkstra,2942,6.893639999999998,49.73684210526316,8.31613714285714,0.04799699783325195
a_star,986,6.689444999999996,48.860759493670884,8.214499818652845,0.02898550033569336
dijkstra,1436,2.9738769999999994,57.10526315789474,3.1246265253456214,0.0344691276550293
a_star,425,2.9738769999999994,57.10526315789474,3.1246265253456214,0.020975112915039062
dijkstra,1693,3.9991069999999995,47.11864406779661,5.092388050359712,0.03501129150390625
a_star,719,4.098872999999998,40.370370370370374,6.091902990825685,0.025660276412963867
dijkstra,4052,8.007042000000002,43.67816091954023,10.999147168421054,0.05480456352233887
a_star,2048,7.679731000000002,41.9277108433735,10.989959879310346,0.03810286521911621
dijkstra,3789,8.163199999999996,44.285714285714285,11.059819354838705,0.05196738243103027
a_star,1858,8.153696999999998,43.24074074074074,11.313909327623122,0.03998994827270508
dijkstra,1814,3.175302999999999,40.0,4.762954499999999,0.037189483642578125
a_star,598,3.175302999999999,40.0,4.762954499999999,0.024320602416992188
dijkstra,1390,4.026062,40.93023255813954,5.901840886363636,0.03300595283508301
a_star,585,4.034567,40.5,5.977136296296297,0.02460765838623047
dijkstra,2575,6.944507999999999,51.19402985074627,8.139044361516033,0.043894290924072266
a_star,788,7.039392999999999,51.029411764705884,8.276865544668585,0.027114391326904297
dijkstra,3744,7.522659999999999,40.95238095238095,11.021571627906976,0.05331826210021973
a_star,1713,7.526101,40.970873786407765,11.021636061611375,0.03646969795227051
dijkstra,2230,3.5980589999999997,40.0,5.3970885,0.03617048263549805
a_star,547,3.6050529999999994,40.0,5.407579499999999,0.022002458572387695
dijkstra,3920,9.347012,51.351351351351354,10.921245599999999,0.05453777313232422
a_star,1501,9.283892,50.535714285714285,11.0225714204947,0.03401756286621094
dijkstra,3667,7.017504999999999,44.166666666666664,9.53321433962264,0.05253171920776367
a_star,1196,7.017504999999999,44.166666666666664,9.53321433962264,0.029004573822021484
dijkstra,3567,8.51126,50.40816326530612,10.130811497975708,0.05215620994567871
a_star,1936,8.51126,50.40816326530612,10.130811497975708,0.036914825439453125
dijkstra,652,2.996350000000001,41.351351351351354,4.347645098039217,0.0240328311920166
a_star,66,2.996350000000001,41.351351351351354,4.347645098039217,0.015969514846801758
dijkstra,603,1.6005359999999997,40.0,2.4008039999999995,0.019568920135498047
a_star,76,1.6005359999999997,40.0,2.4008039999999995,0.015000343322753906
dijkstra,1302,2.4279740000000003,40.0,3.6419610000000002,0.0260164737701416
a_star,172,2.4279740000000003,40.0,3.6419610000000002,0.018115997314453125
dijkstra,2944,8.527258,40.824742268041234,12.532485242424242,0.04485130310058594
a_star,1931,8.419929,40.61224489795919,12.439493095477385,0.03957033157348633
dijkstra,624,1.842618,40.0,2.7639270000000002,0.02100229263305664
a_star,50,1.842618,40.0,2.7639270000000002,0.017004966735839844
dijkstra,3206,4.911114999999999,40.0,7.366672499999998,0.04497361183166504
a_star,844,4.911114999999999,40.0,7.366672499999998,0.023322343826293945
dijkstra,2244,4.463176,41.111111111111114,6.513824432432431,0.0404355525970459
a_star,264,4.463176,41.111111111111114,6.513824432432431,0.018330097198486328
dijkstra,3976,11.031661999999999,43.53448275862069,15.204033172277226,0.0554194450378418
a_star,2906,10.712124000000001,40.16,16.004169322709167,0.04951596260070801
dijkstra,1094,5.185066999999999,40.0,7.777600499999998,0.026625394821166992
a_star,263,5.185066999999999,40.0,7.777600499999998,0.021357297897338867
dijkstra,411,1.2830489999999999,40.0,1.9245735,0.022050857543945312
a_star,58,1.2830489999999999,40.0,1.9245735,0.018271684646606445
dijkstra,4091,10.379394000000001,52.64957264957265,11.828465240259742,0.060417890548706055
a_star,2614,10.379394000000001,52.64957264957265,11.828465240259742,0.04732799530029297
dijkstra,1627,3.6996459999999995,40.0,5.549468999999999,0.030601024627685547
a_star,478,3.7170389999999998,40.0,5.5755585,0.019899606704711914
dijkstra,4364,10.646552,40.0,15.969828,0.060804128646850586
a_star,1266,10.847961999999997,40.0,16.271942999999997,0.0293734073638916
dijkstra,1199,3.775341,42.56410256410256,5.321866228915663,0.02695322036743164
a_star,305,3.771874,42.0,5.3883914285714285,0.01838994026184082
dijkstra,3598,5.9419260000000005,46.52173913043478,7.663418579439253,0.05280756950378418
a_star,1469,5.9419260000000005,46.52173913043478,7.663418579439253,0.04427909851074219
dijkstra,1912,6.2993340000000035,55.476190476190474,6.8130135965665275,0.03696703910827637
a_star,867,6.236214000000003,54.35294117647059,6.884132337662342,0.024916410446166992
dijkstra,1003,1.923565,40.0,2.8853475,0.026200056076049805
a_star,151,1.923565,40.0,2.8853475,0.016109704971313477
dijkstra,1882,8.408528000000002,56.73913043478261,8.891776735632186,0.03333163261413574
a_star,600,8.408528000000002,56.73913043478261,8.891776735632186,0.023996353149414062
dijkstra,1159,2.2495610000000004,40.0,3.3743415000000008,0.02562999725341797
a_star,231,2.2495610000000004,40.0,3.3743415000000008,0.018915414810180664
dijkstra,3731,6.4260399999999995,46.0,8.381791304347825,0.0561983585357666
a_star,1227,6.4260399999999995,46.0,8.381791304347825,0.031237363815307617
dijkstra,435,1.7327190000000001,40.0,2.5990785,0.01838397979736328
a_star,87,1.7327190000000001,40.0,2.5990785,0.015416383743286133
dijkstra,239,0.949327,40.0,1.4239905000000002,0.01810169219970703
a_star,55,1.1278650000000001,40.0,1.6917975000000003,0.01589822769165039
dijkstra,3157,10.398529000000002,45.943396226415096,13.580009125256675,0.047297000885009766
a_star,2252,10.187685000000002,45.32710280373832,13.485554164948455,0.043001413345336914
dijkstra,2012,5.897951000000002,56.71232876712329,6.2398612028985525,0.03626847267150879
a_star,637,5.897951000000002,56.71232876712329,6.2398612028985525,0.02501964569091797
dijkstra,3910,10.63253199999999,48.656716417910445,13.111281791411033,0.060120344161987305
a_star,2871,10.453192999999997,46.015037593984964,13.630143813725486,0.04965543746948242
dijkstra,755,2.2604490000000004,49.411764705882355,2.744830928571429,0.024324655532836914
a_star,62,2.2604490000000004,49.411764705882355,2.744830928571429,0.015900373458862305
dijkstra,1053,2.06759,40.0,3.101385,0.02338719367980957
a_star,65,2.06759,40.0,3.101385,0.018021106719970703
dijkstra,816,1.9526649999999997,42.285714285714285,2.7706733108108104,0.022176504135131836
a_star,238,1.8960400000000002,41.42857142857143,2.7459889655172414,0.017984867095947266
dijkstra,1398,4.060187999999999,40.0,6.090281999999998,0.029998302459716797
a_star,315,4.060187999999999,40.0,6.090281999999998,0.01946425437927246
dijkstra,23,0.413159,40.0,0.6197385000000001,0.01509547233581543
a_star,8,0.413159,40.0,0.6197385000000001,0.014006376266479492
dijkstra,66,0.48846200000000006,40.0,0.732693,0.014312744140625
a_star,20,0.48846200000000006,40.0,0.732693,0.016433238983154297
dijkstra,2469,14.372197000000002,54.583333333333336,15.79844555725191,0.04042506217956543
a_star,493,14.372197000000002,54.583333333333336,15.79844555725191,0.01963067054748535
dijkstra,1428,2.4433939999999996,40.0,3.6650909999999994,0.028900623321533203
a_star,357,2.4433939999999996,40.0,3.6650909999999994,0.022000551223754883
dijkstra,4222,8.827284000000002,41.904761904761905,12.639065727272731,0.05865645408630371
a_star,1831,8.796465000000001,41.44578313253012,12.734417354651166,0.035353899002075195
dijkstra,3612,8.178477999999997,44.5,11.027161348314602,0.05441141128540039
a_star,1526,8.091262999999996,42.38095238095238,11.455046494382017,0.03237605094909668
dijkstra,4269,11.132000000000005,41.98019801980198,15.910358490566045,0.05885004997253418
a_star,2355,11.043334000000005,40.24096385542169,16.465809377245513,0.043199777603149414
dijkstra,1577,3.2484849999999996,40.0,4.8727275,0.03406071662902832
a_star,27,3.2484849999999996,40.0,4.8727275,0.01689887046813965
dijkstra,1730,5.894524000000001,42.857142857142854,8.252333600000004,0.03139781951904297
a_star,546,5.7081940000000015,41.016949152542374,8.350002793388432,0.022099971771240234
dijkstra,3412,7.123252999999995,44.61538461538461,9.579547137931028,0.050597429275512695
a_star,1443,6.965720999999996,42.073170731707314,9.93372386086956,0.030998706817626953
dijkstra,2870,7.630049999999999,51.111111111111114,8.957015217391303,0.04282212257385254
a_star,1532,7.630049999999999,51.111111111111114,8.957015217391303,0.03401613235473633
dijkstra,4115,10.448085999999998,46.12903225806452,13.589818153846151,0.05627608299255371
a_star,3598,10.353981999999997,45.714285714285715,13.589601374999996,0.058229684829711914
dijkstra,3653,6.502478999999999,42.04545454545455,9.279213275675675,0.06183147430419922
a_star,1580,6.401212999999999,40.689655172413794,9.43907679661017,0.03645515441894531
dijkstra,2697,6.406771000000002,47.526881720430104,8.088186013574663,0.04445695877075195
a_star,1198,6.406771000000002,47.526881720430104,8.088186013574663,0.02957296371459961
dijkstra,650,1.531729,41.05263157894737,2.2386808461538457,0.021398544311523438
a_star,116,1.531729,41.05263157894737,2.2386808461538457,0.015271663665771484
dijkstra,3479,5.122255999999999,42.53521126760563,7.225433960264899,0.05313301086425781
a_star,854,4.848948999999999,40.65573770491803,7.156110217741935,0.026193857192993164
dijkstra,538,1.6276789999999999,40.0,2.4415185,0.020591020584106445
a_star,209,1.6276789999999999,40.0,2.4415185,0.0220181941986084
dijkstra,566,1.361225,40.0,2.0418374999999997,0.021983623504638672
a_star,142,1.361225,40.0,2.0418374999999997,0.019085168838500977
dijkstra,3662,10.244169999999995,51.42857142857143,11.95153166666666,0.05633902549743652
a_star,2457,10.218480999999992,51.26984126984127,11.958470024767792,0.05200386047363281
dijkstra,151,0.7714290000000001,40.0,1.1571435,0.018976211547851562
a_star,25,0.7714290000000001,40.0,1.1571435,0.015001058578491211
dijkstra,3879,21.171854000000003,40.50420168067227,31.36245592531121,0.05802583694458008
a_star,1885,21.473232000000003,40.65217391304348,31.693112470588243,0.04097485542297363
dijkstra,3919,8.684021999999999,49.34782608695652,10.558546572687224,0.057105064392089844
a_star,2490,8.589917999999997,48.723404255319146,10.577977624454146,0.04689311981201172
dijkstra,3403,11.216021,44.796747967479675,15.022547183303086,0.06272745132446289
a_star,2442,11.005176999999998,44.274193548387096,14.914119650273221,0.04424762725830078
dijkstra,3714,11.991784999999995,49.92248062015504,14.412486940993782,0.05291748046875
a_star,1879,11.884455999999995,49.69230769230769,14.34965275541795,0.03953075408935547
dijkstra,1588,3.0304980000000006,41.62162162162162,4.368639974025975,0.029753684997558594
a_star,400,2.936394000000001,40.51282051282051,4.348836683544305,0.019892215728759766
dijkstra,283,0.863676,40.0,1.295514,0.01811051368713379
a_star,27,0.863676,40.0,1.295514,0.014315366744995117
dijkstra,574,1.911741,40.0,2.8676114999999998,0.02112579345703125
a_star,138,1.911741,40.0,2.8676114999999998,0.019106626510620117
dijkstra,3479,5.851547999999999,42.08955223880597,8.341568425531912,0.04926562309265137
a_star,1239,5.73273,40.88235294117647,8.413503021582734,0.02900242805480957
dijkstra,2168,4.241568,49.57446808510638,5.133571570815451,0.03509044647216797
a_star,235,4.241568,49.57446808510638,5.133571570815451,0.017098426818847656
dijkstra,1602,3.041323999999999,40.0,4.561985999999998,0.031899213790893555
a_star,272,3.041323999999999,40.0,4.561985999999998,0.018392562866210938
dijkstra,2726,4.326717,40.0,6.4900755000000006,0.041707515716552734
a_star,833,4.351725,40.0,6.5275875,0.024898767471313477
dijkstra,1378,2.589692,40.0,3.884538,0.02722787857055664
a_star,377,2.589692,40.0,3.884538,0.018999576568603516
dijkstra,4232,12.453406999999991,50.526315789473685,14.78842081249999,0.05679750442504883
a_star,3658,12.251995999999995,49.55882352941177,14.833277056379815,0.05633187294006348
dijkstra,3830,9.251643999999995,46.4,11.963332758620684,0.05121755599975586
a_star,1874,9.251643999999995,46.4,11.963332758620684,0.03546595573425293
dijkstra,290,1.3996549999999999,42.10526315789474,1.9945083749999994,0.017386436462402344
a_star,22,1.3631689999999999,40.0,2.0447534999999997,0.014414072036743164
dijkstra,382,1.204656,40.0,1.806984,0.018441200256347656
a_star,97,1.204656,40.0,1.806984,0.015156745910644531
dijkstra,2206,8.281923999999998,40.0,12.422885999999998,0.03564953804016113
a_star,400,8.281923999999998,40.0,12.422885999999998,0.020003795623779297
dijkstra,967,2.227094,40.0,3.340641,0.023877620697021484
a_star,265,2.2288810000000003,40.0,3.3433215000000005,0.017000436782836914
dijkstra,3858,8.492713,40.833333333333336,12.479088489795918,0.052744388580322266
a_star,1835,8.492713,40.833333333333336,12.479088489795918,0.03711962699890137
dijkstra,410,2.364563,46.95652173913044,3.0213860555555554,0.017891883850097656
a_star,183,2.364563,46.95652173913044,3.0213860555555554,0.017401456832885742
dijkstra,2753,5.056291999999999,40.0,7.584437999999999,0.042008161544799805
a_star,522,5.0734070000000004,40.0,7.610110500000001,0.02087712287902832
dijkstra,1990,4.716870000000001,54.074074074074076,5.2337872602739735,0.03332042694091797
a_star,421,4.094197,41.886792452830186,5.864660567567568,0.019301414489746094
dijkstra,1081,3.2199190000000004,56.42857142857143,3.423711341772152,0.02447652816772461
a_star,410,3.0050590000000015,48.275862068965516,3.7348590428571447,0.01899886131286621
dijkstra,3224,6.0678670000000015,54.08450704225352,6.731539953125002,0.045859336853027344
a_star,1138,5.924811000000003,45.42168674698795,7.826408164456238,0.02647542953491211
dijkstra,2602,8.819028999999999,41.505376344086024,12.748751766839376,0.03981971740722656
a_star,1365,8.608184999999997,40.851063829787236,12.643271718749995,0.030495882034301758
dijkstra,3378,5.8825259999999995,43.4375,8.125503539568344,0.048160552978515625
a_star,1404,5.599771000000002,40.28169014084507,8.340917643356645,0.030538082122802734
dijkstra,523,1.3345679999999998,40.0,2.001852,0.01934814453125
a_star,99,1.3345679999999998,40.0,2.001852,0.015028953552246094
dijkstra,1920,4.636574,55.55555555555556,5.007499920000001,0.03249859809875488
a_star,710,4.614334,53.46938775510204,5.177916778625955,0.02305126190185547
dijkstra,4260,8.834614000000002,43.45679012345679,12.197790920454548,0.055976152420043945
a_star,1495,8.716333000000002,40.0,13.074499500000003,0.03149294853210449
dijkstra,139,1.6124309999999997,41.05263157894737,2.3566299230769228,0.01603245735168457
a_star,61,1.646425,41.111111111111114,2.4028905405405405,0.014477968215942383
dijkstra,2052,4.629575,40.816326530612244,6.805475250000001,0.03383994102478027
a_star,845,4.629575,40.816326530612244,6.805475250000001,0.024101734161376953
dijkstra,2165,7.821948000000001,40.0,11.732922000000002,0.035303354263305664
a_star,833,8.508194,40.0,12.762291,0.024051189422607422
dijkstra,3610,9.357203999999992,50.54545454545455,11.107472374100709,0.0487828254699707
a_star,2197,9.33151499999999,50.36363636363637,11.116967328519843,0.04056286811828613
dijkstra,1703,4.679988999999999,46.48148148148148,6.041101338645417,0.03210902214050293
a_star,795,4.862302000000001,40.0,7.293453000000001,0.025997400283813477
dijkstra,1170,2.4523070000000002,40.0,3.6784605000000004,0.029000520706176758
a_star,361,2.463174,40.0,3.6947609999999997,0.021279096603393555
dijkstra,4,0.126118,40.0,0.189177,0.01601862907409668
a_star,1,0.126118,40.0,0.189177,0.01600360870361328
dijkstra,778,4.744403,40.0,7.1166045,0.024719953536987305
a_star,105,4.744403,40.0,7.1166045,0.01813340187072754
dijkstra,1082,5.954599000000002,47.58620689655172,7.507972652173915,0.028461933135986328
a_star,502,5.413480000000002,44.166666666666664,7.354161509433965,0.022066593170166016
dijkstra,4113,11.162833000000003,46.7479674796748,14.327253485217394,0.05917692184448242
a_star,2482,10.412552000000005,41.007194244604314,15.235207663157905,0.04660320281982422
dijkstra,1795,3.964473,48.13953488372093,4.9412272173913045,0.0325007438659668
a_star,318,3.8863119999999998,40.0,5.829467999999999,0.019305944442749023
dijkstra,2540,5.502532,43.96825396825397,7.50887038267148,0.04179215431213379
a_star,434,5.159523,40.0,7.7392845,0.024723052978515625
dijkstra,1733,3.615858999999999,45.714285714285715,4.745814937499999,0.03662896156311035
a_star,790,3.5726369999999985,42.05128205128205,5.097543036585364,0.02546834945678711
dijkstra,1860,3.7339029999999998,45.714285714285715,4.900747687499999,0.03287982940673828
a_star,432,3.486059,40.0,5.2290885000000005,0.019806861877441406
dijkstra,3790,9.355056999999995,46.82170542635659,11.988102844370855,0.05490279197692871
a_star,2048,9.081749999999996,46.21848739495798,11.789762727272723,0.039992570877075195
dijkstra,2472,4.720120999999997,40.0,7.080181499999996,0.040990591049194336
a_star,562,4.720120999999997,40.0,7.080181499999996,0.0225374698638916
dijkstra,3493,11.194343000000002,51.61290322580645,13.013423737500002,0.049532175064086914
a_star,1883,10.597580999999998,45.196850393700785,14.068565717770033,0.03747892379760742
dijkstra,1953,4.481386,41.92307692307692,6.413726752293578,0.03390622138977051
a_star,844,4.4697369999999985,40.816326530612244,6.570513389999998,0.027629852294921875
dijkstra,4392,19.600879000000006,50.948905109489054,23.08298357879657,0.0587618350982666
a_star,4689,19.87593,46.554621848739494,25.616270794223826,0.06837725639343262
dijkstra,3053,8.621371,40.625,12.733101784615384,0.04538702964782715
a_star,749,8.621371,40.625,12.733101784615384,0.02484607696533203
dijkstra,1452,3.846684000000001,48.421052631578945,4.766543217391306,0.029438495635986328
a_star,453,3.5731510000000006,41.30434782608695,5.19047197894737,0.021214962005615234
dijkstra,4361,13.888753999999995,40.0,20.83313099999999,0.05972576141357422
a_star,2086,14.58118599999999,40.0,21.871778999999986,0.039730072021484375
dijkstra,2716,10.341825,67.08333333333333,9.249831055900621,0.042830705642700195
a_star,1373,10.341825,67.08333333333333,9.249831055900621,0.03192138671875
dijkstra,666,1.419912,40.0,2.129868,0.024342775344848633
a_star,99,1.419912,40.0,2.129868,0.01734185218811035
dijkstra,155,0.9570470000000001,40.0,1.4355705,0.01630115509033203
a_star,34,0.9570470000000001,40.0,1.4355705,0.017319679260253906
dijkstra,4209,8.615447999999999,42.10526315789474,12.277013399999998,0.06126809120178223
a_star,2202,8.423257000000001,41.23711340206186,12.255838935000002,0.043443918228149414
dijkstra,3526,5.307478999999999,41.016949152542374,7.763832917355369,0.050398826599121094
a_star,1418,5.213374999999998,40.32786885245902,7.756484756097558,0.03167986869812012
dijkstra,1769,4.305097000000001,56.44444444444444,4.576284212598426,0.03292202949523926
a_star,322,4.0485820000000015,53.20754716981132,4.565422255319151,0.01941227912902832
dijkstra,2161,4.102323000000001,44.8,5.494182589285717,0.03947043418884277
a_star,768,4.064691,41.77777777777778,5.837588138297872,0.02387547492980957
dijkstra,1098,2.9358139999999997,62.0,2.841110322580645,0.026082515716552734
a_star,310,2.937056,62.56410256410256,2.8166848524590162,0.02031850814819336
dijkstra,1942,5.238597999999998,45.46875,6.912789113402059,0.03540778160095215
a_star,721,5.232299000000001,40.0,7.848448500000002,0.024875879287719727
dijkstra,2137,5.557671999999998,41.81818181818182,7.9740511304347805,0.03588700294494629
a_star,1039,5.546131999999997,40.53333333333333,8.209734868421048,0.02676558494567871
dijkstra,485,1.2118870000000002,40.0,1.8178305000000001,0.019715547561645508
a_star,21,1.2118870000000002,40.0,1.8178305000000001,0.014737844467163086
dijkstra,87,0.593904,40.0,0.890856,0.015320062637329102
a_star,14,0.593904,40.0,0.890856,0.014837026596069336
dijkstra,3583,6.9210009999999995,40.0,10.3815015,0.05103015899658203
a_star,1799,6.9210009999999995,40.0,10.3815015,0.037020206451416016
dijkstra,616,1.7632599999999996,40.0,2.6448899999999993,0.020905494689941406
a_star,141,1.7632599999999996,40.0,2.6448899999999993,0.0167086124420166
dijkstra,3062,4.831804999999998,41.07142857142857,7.058636869565215,0.04794907569885254
a_star,1408,4.737700999999999,40.3448275862069,7.045811743589742,0.03164863586425781
dijkstra,363,1.034441,40.0,1.5516615,0.019397735595703125
a_star,49,1.0375040000000002,40.0,1.5562560000000003,0.01590704917907715
dijkstra,3732,6.8980479999999975,40.0,10.347071999999997,0.05944561958312988
a_star,298,6.8980479999999975,40.0,10.347071999999997,0.020460128784179688
dijkstra,3221,22.345397,40.618556701030926,33.00766764974619,0.06084108352661133
a_star,1873,22.251292999999997,40.2020202020202,33.20921618592964,0.041254520416259766
dijkstra,1430,3.0642429999999994,40.0,4.596364499999999,0.030046701431274414
a_star,379,3.0642429999999994,40.0,4.596364499999999,0.018613100051879883
dijkstra,4224,10.124627999999998,52.743362831858406,11.517613731543621,0.059296607971191406
a_star,1323,10.124627999999998,52.743362831858406,11.517613731543621,0.03500008583068848
dijkstra,2801,6.231314999999998,44.60526315789474,8.381945840707962,0.04441022872924805
a_star,1556,6.260430999999997,40.0,9.390646499999995,0.033606767654418945
dijkstra,3905,6.1809840000000005,40.0,9.271476,0.054474830627441406
a_star,1198,6.207959000000002,40.0,9.311938500000002,0.02843451499938965
dijkstra,758,3.8320799999999995,50.0,4.598495999999999,0.023015737533569336
a_star,340,3.404467,41.111111111111114,4.968681567567567,0.019787073135375977
dijkstra,884,3.3710880000000003,47.142857142857146,4.290475636363636,0.02362990379333496
a_star,363,3.3710880000000003,47.142857142857146,4.290475636363636,0.018687725067138672
dijkstra,3046,6.733124,50.0,8.0797488,0.04665207862854004
a_star,879,6.733124,50.0,8.0797488,0.02801656723022461
dijkstra,1358,3.562087,52.38095238095238,4.080208745454545,0.029086828231811523
a_star,497,3.3842000000000003,40.46511627906977,5.017951724137932,0.022893905639648438
dijkstra,2202,4.629522,46.79245283018868,5.936241919354838,0.03999829292297363
a_star,837,4.121086999999999,40.0,6.181630499999999,0.026999950408935547
dijkstra,4231,7.74983,40.0,11.624744999999999,0.060103416442871094
a_star,1769,7.74983,40.0,11.624744999999999,0.03420090675354004
dijkstra,1198,2.077609,40.0,3.1164134999999997,0.02712845802307129
a_star,247,2.077609,40.0,3.1164134999999997,0.017307758331298828
dijkstra,3296,7.8146140000000015,46.03448275862069,10.18533959550562,0.04770779609680176
a_star,1500,7.844960000000001,46.19469026548673,10.189430804597702,0.031960487365722656
dijkstra,3611,7.784118999999996,44.13793103448276,10.581536765624993,0.05092215538024902
a_star,2027,7.639306999999996,41.888888888888886,10.942243448275857,0.04100823402404785
dijkstra,2857,5.150083999999999,42.78481012658228,7.222307147928992,0.04364466667175293
a_star,999,5.0030839999999985,40.0,7.504625999999998,0.02663731575012207
dijkstra,3674,9.971705,43.76068376068376,13.67214240234375,0.05179309844970703
a_star,1722,9.447372000000007,40.0,14.171058000000011,0.03535819053649902
dijkstra,3159,7.017958000000002,43.97727272727273,9.57488843410853,0.045662879943847656
a_star,2227,6.937157000000003,41.630434782608695,9.998200167101832,0.04091644287109375
dijkstra,1006,3.4907089999999994,40.54054054054054,5.1662493199999995,0.025923490524291992
a_star,412,3.4907089999999994,40.54054054054054,5.1662493199999995,0.02109980583190918
dijkstra,3781,9.289527999999994,47.36842105263158,11.766735466666658,0.04973959922790527
a_star,1774,9.085332999999995,46.837606837606835,11.638510521897805,0.036008596420288086
dijkstra,4036,10.190739999999996,44.351851851851855,13.78622029227557,0.05285072326660156
a_star,2658,9.758142000000003,40.172413793103445,14.574392343347645,0.04362010955810547
dijkstra,2823,4.601748999999999,40.0,6.902623499999998,0.04279732704162598
a_star,1071,4.601748999999999,40.0,6.902623499999998,0.024939775466918945
dijkstra,3625,9.823370999999996,43.6283185840708,13.509625837728189,0.049468994140625
a_star,2610,9.440036000000003,40.166666666666664,14.101298589211623,0.042510271072387695
dijkstra,1113,1.9813330000000005,40.0,2.971999500000001,0.024039506912231445
a_star,211,1.9813330000000005,40.0,2.971999500000001,0.016999483108520508
dijkstra,3868,10.834781,65.0,10.001336307692307,0.051496267318725586
a_star,2196,10.834781,65.0,10.001336307692307,0.03735041618347168
dijkstra,2136,3.6264189999999994,40.0,5.4396284999999995,0.035710811614990234
a_star,572,3.6294819999999994,40.0,5.444222999999999,0.021673202514648438
dijkstra,3559,9.55388399999999,50.65573770491803,11.316250951456299,0.051955461502075195
a_star,2099,9.54953499999999,50.49180327868852,11.347824058441546,0.04327869415283203
dijkstra,642,1.719896,40.0,2.5798440000000005,0.02831125259399414
a_star,145,1.7258750000000005,40.0,2.588812500000001,0.017317771911621094
dijkstra,3904,7.085444000000002,42.4,10.02657169811321,0.05406451225280762
a_star,1913,6.885748000000001,40.90909090909091,10.099097066666669,0.036589860916137695
dijkstra,169,0.7280849999999999,40.0,1.0921274999999997,0.015961408615112305
a_star,14,0.7280849999999999,40.0,1.0921274999999997,0.01493072509765625
dijkstra,1738,5.586682999999999,49.333333333333336,6.794614459459458,0.03300070762634277
a_star,1011,5.121627999999998,40.60606060606061,7.567778686567161,0.02706289291381836
dijkstra,2846,12.922834,41.05263157894737,18.887218923076922,0.042983293533325195
a_star,465,12.929355000000001,41.21212121212121,18.823619779411768,0.021001815795898438
dijkstra,661,1.8102539999999996,40.0,2.7153809999999994,0.021997928619384766
a_star,132,1.8133169999999998,40.0,2.7199755,0.015999794006347656
dijkstra,4196,9.173249,40.0,13.7598735,0.05380964279174805
a_star,1654,9.173249,40.0,13.7598735,0.033685922622680664
dijkstra,2663,4.341989000000001,40.0,6.512983500000001,0.04003119468688965
a_star,1150,4.341989000000001,40.0,6.512983500000001,0.026049137115478516
dijkstra,898,3.3138970000000003,43.5,4.5708924137931035,0.0233914852142334
a_star,412,3.291741,40.0,4.9376115,0.01934361457824707
dijkstra,4030,7.728286000000001,40.0,11.592429000000001,0.0525517463684082
a_star,2055,7.728286000000001,40.0,11.592429000000001,0.039559125900268555
dijkstra,1240,2.907336,45.55555555555556,3.8291742439024388,0.02770066261291504
a_star,314,2.9038690000000003,44.86486486486486,3.883487457831326,0.018924951553344727
dijkstra,3907,6.2894239999999995,42.03389830508475,8.977645548387095,0.05420279502868652
a_star,1299,6.091805,40.65573770491803,8.990325120967743,0.028965234756469727
dijkstra,3487,7.195233,43.04347826086956,10.029718727272728,0.05063009262084961
a_star,1740,6.5643069999999994,40.2247191011236,9.791452340782122,0.035056352615356445
dijkstra,3321,7.404124000000001,45.056179775280896,9.85985590024938,0.050272226333618164
a_star,1934,7.410233999999996,44.787234042553195,9.92724934916864,0.04559469223022461
dijkstra,2414,3.8980790000000005,40.0,5.8471185000000006,0.04308915138244629
a_star,197,3.8980790000000005,40.0,5.8471185000000006,0.016466617584228516
dijkstra,2850,5.701726999999999,45.645161290322584,7.494849625441694,0.04321861267089844
a_star,954,5.701726999999999,45.645161290322584,7.494849625441694,0.028223037719726562
dijkstra,2381,8.196435000000001,42.22222222222222,11.647565526315791,0.03855776786804199
a_star,879,7.949104999999998,40.963855421686745,11.643100852941174,0.024769067764282227
dijkstra,1960,4.734381000000003,50.14492753623188,5.664837381502894,0.0354313850402832
a_star,567,4.734381000000003,50.14492753623188,5.664837381502894,0.022455930709838867
dijkstra,1147,3.737999,40.0,5.6069984999999996,0.026236295700073242
a_star,336,3.9264539999999997,40.0,5.8896809999999995,0.017783641815185547
dijkstra,1130,3.0167359999999994,56.666666666666664,3.1941910588235287,0.02658843994140625
a_star,486,2.899751,45.36585365853659,3.835154548387097,0.021317243576049805
dijkstra,4135,6.641573000000001,40.0,9.962359500000002,0.06237649917602539
a_star,1066,6.641573000000001,40.0,9.962359500000002,0.028505325317382812
dijkstra,1323,3.8789830000000003,49.78260869565217,4.675106148471617,0.02727651596069336
a_star,674,3.8789830000000003,49.78260869565217,4.675106148471617,0.02330780029296875
dijkstra,1471,3.307565000000001,50.0,3.9690780000000014,0.02908778190612793
a_star,559,3.2154269999999996,40.0,4.823140499999999,0.02193307876586914
dijkstra,2,0.049918000000000004,40.0,0.074877,0.015445709228515625
a_star,2,0.049918000000000004,40.0,0.074877,0.014868736267089844
dijkstra,3241,9.953160000000002,45.64356435643565,13.083763470715837,0.04699969291687012
a_star,2698,9.742316,45.0,12.989754666666668,0.046251535415649414
dijkstra,1954,3.48348,42.97872340425532,4.8630760396039605,0.034455060958862305
a_star,390,3.431422,40.45454545454545,5.089300044943821,0.019906044006347656
dijkstra,958,2.49655,40.0,3.744825,0.02485036849975586
a_star,448,2.49655,40.0,3.744825,0.01998758316040039
dijkstra,2796,6.439995,47.86516853932584,8.072669788732394,0.04176163673400879
a_star,1292,6.439995,47.86516853932584,8.072669788732394,0.030759096145629883
dijkstra,2593,7.501049999999999,50.0,9.001259999999998,0.03938937187194824
a_star,564,7.501049999999999,50.0,9.001259999999998,0.021670103073120117
dijkstra,499,1.244802,40.0,1.867203,0.019507169723510742
a_star,96,1.1565830000000001,38.23529411764706,1.8149456307692309,0.017904996871948242
dijkstra,1963,3.543435000000001,40.0,5.315152500000002,0.03380990028381348
a_star,130,3.543435000000001,40.0,5.315152500000002,0.016573190689086914
dijkstra,2540,8.375882999999998,40.0,12.563824499999997,0.04064369201660156
a_star,644,8.375882999999998,40.0,12.563824499999997,0.023222923278808594
dijkstra,178,0.8724569999999999,40.0,1.3086855,0.016463518142700195
a_star,20,0.8724569999999999,40.0,1.3086855,0.014780998229980469
dijkstra,2862,4.486271999999999,40.0,6.7294079999999985,0.04286813735961914
a_star,1029,4.486271999999999,40.0,6.7294079999999985,0.024988889694213867
